"motion-reduce src","full-unstyled-link","full-unstyled-link href","price-item","price-item 2"
"https://yame.vn/cdn/shop/files/qu-n-short-non-branded-06-xanh-bich-1174878726.jpg?v=1760785240&width=533","Quần Short 5 Inch Dù Mỏng Nhẹ Non Branded 006 Xanh Dương Đậm","https://yame.vn/products/quan-short-5-inch-du-mong-nhe-non-branded-06-xanh-bich-0023737","158.650 VND","167.000 VND"
"https://yame.vn/cdn/shop/files/23716_thumb_1.jpg?v=1760776031&width=533","Áo Thun 3 Lỗ Waffle Non Branded 002 Xám Đậm","https://yame.vn/products/ao-thun-3-lo-waffle-non-branded-02-xam-0023716","111.150 VND","117.000 VND"
"https://yame.vn/cdn/shop/files/ao-khoac-gio-dang-v-a-non-branded-04-tr-ng-1194490216.jpg?v=1760780131&width=533","Áo Khoác Gió Trượt Nước Mỏng Nhẹ Nhiều Màu Non Branded 004 Trắng","https://yame.vn/products/ao-khoac-gio-truot-nuoc-mong-nhe-nhieu-mau-non-branded-04-trang-0024033","310.650 VND","327.000 VND"
"https://yame.vn/cdn/shop/files/ao-thun-no-style-02-den-1174878775.jpg?v=1760790228&width=533","Áo Thun Tay Ngắn Pique Ít Nhăn Dáng Vừa Non Branded 008 Đen","https://yame.vn/products/ao-thun-co-tron-tay-ngan-pique-it-nhan-dang-vua-non-branded-den-0021929","82.650 VND","87.000 VND"
"https://yame.vn/cdn/shop/files/qu-n-short-non-branded-05-xanh-d-ng-1174882141.jpg?v=1760784460&width=533","Quần Short Thun 9 Inch Thoáng Mát Non Branded 005 Xanh Dương","https://yame.vn/products/quan-short-thun-9-inch-thoang-mat-non-branded-05-xanh-duong-0023727","158.650 VND","167.000 VND"
"https://yame.vn/cdn/shop/files/ao-polo-non-branded-03-h-ng-1174885368.jpg?v=1760774459&width=533","Áo Polo Pique Thoáng Mát Non Branded 003 Hồng","https://yame.vn/products/ao-polo-pique-thoang-mat-non-branded-03-hong-0023746","168.150 VND","177.000 VND"
"https://yame.vn/cdn/shop/files/ao-khoac-seventy-seven-39-den-1174884560.jpg?v=1760780440&width=533","Áo Khoác Hoodie Waffle Thoáng Khí Seventy Seven 039 Đen","https://yame.vn/products/ao-khoac-hoodie-waffle-thoang-khi-seventy-seven-39-den-0023190","272.650 VND","287.000 VND"
"https://yame.vn/cdn/shop/files/0023284_thumb_1.jpg?v=1760796857&width=533","Quần Short Nam Thun Waffle 7 Inch Thoáng Khí Seventy Seven 030 Nâu","https://yame.vn/products/quan-short-nam-thun-waffle-7-inch-thoang-khi-seventy-seven-30-nau-0023284","192.950 VND","227.000 VND"
"https://yame.vn/cdn/shop/files/ao-khoac-seventy-seven-39-xanh-den-1174884581.jpg?v=1760780379&width=533","Áo Khoác Hoodie Waffle Thoáng Khí Seventy Seven 039 Xanh Dương Đậm","https://yame.vn/products/ao-khoac-hoodie-waffle-thoang-khi-seventy-seven-39-xanh-den-0023188","272.650 VND","287.000 VND"
"https://yame.vn/cdn/shop/files/qu-n-short-non-branded-05-xanh-reu-1174882127.jpg?v=1760784387&width=533","Quần Short Thun 9 Inch Thoáng Mát Non Branded 005 Xanh Lá Đậm","https://yame.vn/products/quan-short-thun-9-inch-thoang-mat-non-branded-05-xanh-reu-0023725","158.650 VND","167.000 VND"
"https://yame.vn/cdn/shop/files/ao-thun-seventy-seven-41-den-1174881279.jpg?v=1760778907&width=533","Áo Thun Waffle Co Giãn Seventy Seven 041 Đen","https://yame.vn/products/ao-thun-waffle-co-gian-seventy-seven-41-den-0023549","168.150 VND","177.000 VND"
"https://yame.vn/cdn/shop/files/ao-s-mi-non-branded-33-den-1174884163.jpg?v=1760775428&width=533","Áo Sơ Mi Modal Mềm Mịn Ít Nhăn Non Branded 033 Đen","https://yame.vn/products/ao-so-mi-modal-mem-min-it-nhan-non-branded-33-den-0024143","187.150 VND","197.000 VND"
"https://yame.vn/cdn/shop/files/0023185_thumb_1.jpg?v=1760798612&width=533","Áo Khoác Cardigan Vải Waffle Thoáng Khí Seventy Seven 038 Xanh Dương Đậm","https://yame.vn/products/ao-khoac-cardigan-vai-waffle-thoang-khi-seventy-seven-38-xanh-den-0023185","243.950 VND","287.000 VND"
"https://yame.vn/cdn/shop/files/qu-n-short-non-branded-06-xanh-reu-1174882395.jpg?v=1760784777&width=533","Quần Short 5 Inch Dù Mỏng Nhẹ Non Branded 006 Xanh Lá Đậm","https://yame.vn/products/quan-short-5-inch-du-mong-nhe-non-branded-06-xanh-reu-0023741","158.650 VND","167.000 VND"
"https://yame.vn/cdn/shop/files/qu-n-short-non-branded-05-h-ng-1174882155.jpg?v=1760784538&width=533","Quần Short Thun 9 Inch Thoáng Mát Non Branded 005 Hồng","https://yame.vn/products/quan-short-thun-9-inch-thoang-mat-non-branded-05-hong-0023726","158.650 VND","167.000 VND"
"https://yame.vn/cdn/shop/files/23718_thumb_1.jpg?v=1760776080&width=533","Áo Thun 3 Lỗ Waffle Non Branded 002 Xám Nhạt","https://yame.vn/products/ao-thun-3-lo-waffle-non-branded-02-xam-trang-0023718","111.150 VND","117.000 VND"
"https://yame.vn/cdn/shop/files/0023283thumb1.jpg?v=1760796823&width=533","Quần Short Nam Thun Waffle 7 Inch Thoáng Khí Seventy Seven 030 Đen","https://yame.vn/products/quan-short-nam-thun-waffle-7-inch-thoang-khi-seventy-seven-30-den-0023283","192.950 VND","227.000 VND"
"https://yame.vn/cdn/shop/files/ao-khoac-seventy-seven-07-den-1174885167.jpg?v=1760779251&width=533","Áo Khoác Kaki Chống Nắng Seventy Seven 007 Đen","https://yame.vn/products/ao-khoac-kaki-chong-nang-seventy-seven-07-den-0023201","339.150 VND","357.000 VND"
"https://yame.vn/cdn/shop/files/qu-n-short-non-branded-06-cam-1174882377.jpg?v=1760784858&width=533","Quần Short 5 Inch Dù Mỏng Nhẹ Non Branded 006 Cam Đậm","https://yame.vn/products/quan-short-5-inch-du-mong-nhe-non-branded-06-cam-0023734","158.650 VND","167.000 VND"
"https://yame.vn/cdn/shop/files/ao-s-mi-non-branded-19-den-1174884397.jpg?v=1760774915&width=533","Áo Sơ Mi Tay Dài Modal Ít Nhăn Non Branded 019 Đen","https://yame.vn/products/ao-so-mi-tay-dai-modal-it-nhan-non-branded-19-den-0024013","187.150 VND","197.000 VND"
"https://yame.vn/cdn/shop/files/ao-s-mi-non-branded-19-xanh-d-ng-1174884367.jpg?v=1760774899&width=533","Áo Sơ Mi Tay Dài Modal Ít Nhăn Non Branded 019 Xanh Dương Nhạt","https://yame.vn/products/ao-so-mi-tay-dai-modal-it-nhan-non-branded-19-xanh-duong-0024016","187.150 VND","197.000 VND"
"https://yame.vn/cdn/shop/files/ao-polo-non-branded-03-nau-1174885456.jpg?v=1760774309&width=533","Áo Polo Pique Thoáng Mát Non Branded 003 Nâu","https://yame.vn/products/ao-polo-pique-thoang-mat-non-branded-03-nau-0023747","168.150 VND","177.000 VND"
"https://yame.vn/cdn/shop/files/qu-n-short-non-branded-06-d-1174882305.jpg?v=1760785120&width=533","Quần Short 5 Inch Dù Mỏng Nhẹ Non Branded 006 Đỏ","https://yame.vn/products/quan-short-5-inch-du-mong-nhe-non-branded-06-do-0023736","158.650 VND","167.000 VND"
"https://yame.vn/cdn/shop/files/ao-s-mi-seventy-seven-22-be-1174882837.jpg?v=1760786722&width=533","Áo Sơ Mi Tay Ngắn Vải Nhung Corduroy Retro Ít Nhăn Seventy Seven 022 Nâu Nhạt","https://yame.vn/products/ao-so-mi-tay-ngan-vai-nhung-corduroy-retro-it-nhan-seventy-seven-22-be-0023258","244.150 VND","257.000 VND"
"https://yame.vn/cdn/shop/files/qu-n-short-seventy-seven-31-den-1174881881.jpg?v=1760786106&width=533","Quần Short Cargo 7 Inch Dù Trượt Nước Seventy Seven 031 Đen","https://yame.vn/products/quan-short-cargo-7-inch-du-truot-nuoc-seventy-seven-31-den-0023290","215.650 VND","227.000 VND"
"https://yame.vn/cdn/shop/files/23719_thumb_1.jpg?v=1760775979&width=533","Áo Thun 3 Lỗ Waffle Non Branded 002 Xanh Dương Đậm","https://yame.vn/products/ao-thun-3-lo-waffle-non-branded-02-xanh-den-0023719","111.150 VND","117.000 VND"
"https://yame.vn/cdn/shop/files/ao-s-mi-seventy-seven-24-tr-ng-1174883160.jpg?v=1760775689&width=533","Áo Sơ Mi Cổ Trụ Linen Thoáng mát Seventy Seven 024 Trắng","https://yame.vn/products/ao-so-mi-co-tru-linen-thoang-mat-seventy-seven-24-trang-0023265","231.300 VND","257.000 VND"
"https://yame.vn/cdn/shop/files/ao-thun-non-branded-01-xanh-d-ng-1174882464.jpg?v=1760778000&width=533","Áo Thun Waffle Thoáng Mát Non Branded 001 Xanh Dương","https://yame.vn/products/ao-thun-waffle-thoang-mat-non-branded-001-xanh-duong-0023712","120.650 VND","127.000 VND"
"https://yame.vn/cdn/shop/files/ao-polo-seventy-seven-17-tr-ng-1174885483.jpg?v=1760774200&width=533","Áo Polo Pique Thoáng Khí Seventy Seven 017 Trắng","https://yame.vn/products/ao-polo-pique-thoang-khi-seventy-seven-17-trang-0023237","215.650 VND","227.000 VND"
"https://yame.vn/cdn/shop/files/ao-thun-seventy-seven-10-xam-1174883575.jpg?v=1760777333&width=533","Áo Thun Tay Ngắn Waffle Thoáng Khí Seventy Seven 010 Xám","https://yame.vn/products/ao-thun-tay-ngan-waffle-thoang-khi-seventy-seven-10-xam-0023214","149.150 VND","157.000 VND"
"https://yame.vn/cdn/shop/files/23222_thumb_1.jpg?v=1760776183&width=533","Áo Thun 3 Lỗ Cotton Thoáng Khí Seventy Seven 014 Đen","https://yame.vn/products/ao-thun-3-lo-cotton-thoang-khi-seventy-seven-14-den-0023222","149.150 VND","157.000 VND"
"https://yame.vn/cdn/shop/files/0023187_thumb_1.jpg?v=1760798650&width=533","Áo Khoác Cardigan Vải Waffle Thoáng Khí Seventy Seven 038 Be","https://yame.vn/products/ao-khoac-cardigan-vai-waffle-thoang-khi-seventy-seven-38-be-0023187","243.950 VND","287.000 VND"
"https://yame.vn/cdn/shop/files/ao-thun-no-style-02-be-1174883351.jpg?v=1760777880&width=533","Áo Thun Bird’s Eye Pique Ít Nhăn Non Branded 008 Nâu Nhạt","https://yame.vn/products/ao-thun-bird-s-eye-pique-it-nhan-dang-vua-no-style-02-be-0022933","82.650 VND","87.000 VND"
"https://yame.vn/cdn/shop/files/23717_thumb_1.jpg?v=1760775957&width=533","Áo Thun 3 Lỗ Waffle Non Branded 002 Nâu","https://yame.vn/products/ao-thun-3-lo-waffle-non-branded-02-nau-0023717","111.150 VND","117.000 VND"
"https://yame.vn/cdn/shop/files/ao-s-mi-non-branded-33-nau-1174884161.jpg?v=1760775447&width=533","Áo Sơ Mi Modal Mềm Mịn Ít Nhăn Non Branded 033 Nâu Nhạt","https://yame.vn/products/ao-so-mi-modal-mem-min-it-nhan-non-branded-33-nau-0024148","187.150 VND","197.000 VND"
"https://yame.vn/cdn/shop/files/ao-s-mi-seventy-seven-24-be-1174883242.jpg?v=1760786684&width=533","Áo Sơ Mi Cổ Trụ Linen Thoáng mát Seventy Seven 024 Nâu Nhạt","https://yame.vn/products/ao-so-mi-co-tru-linen-thoang-mat-seventy-seven-24-be-0023267","231.300 VND","257.000 VND"